tch,Vth,error
7,6.565,0.12366
8,8.41667,0.23478
12,13.95,0.17078
